position	GC_mean	Not_aln_mean
UTR5	48.23216278508249	6.963721664976739
FirstCDS	51.46773659457546	5.730007838722033
InternalCDS	50.5424153906638	3.166879966092477
LastCDS	50.976864734783625	4.304205105699333
UTR3	37.242525387301335	5.464316853582216
5'UTR-intron	38.30429020191655	7.777073406343237
First-intron	37.77705256846376	8.325790639084216
Internal-intron	36.722711925983	6.426101784340539
Last-intron	36.80008566676966	7.8167519351063675
3'UTR-intron	36.57275910580143	10.51619603280135
five-prime-30kb-100bp	46.83650970523198	9.416227439706118
five-prime-30kb-200bp	38.99486443180603	10.665779386712096
five-prime-30kb-300bp	37.64106470103657	11.146515466112975
five-prime-30kb-400bp	37.23894956193721	11.359135434412266
five-prime-30kb-500bp	37.571904555601236	11.275606899488928
five-prime-30kb-600bp	37.825616417582985	11.317131601362862
five-prime-30kb-700bp	38.142103485225405	11.108336882453152
five-prime-30kb-800bp	38.26609167864559	10.955278709471331
five-prime-30kb-900bp	38.56982377681946	10.861683437150615
five-prime-30kb-1000bp	38.85243748779925	10.746100196986637
five-prime-30kb-1100bp	38.959438744132164	10.507373688974072
five-prime-30kb-1200bp	39.225087021445425	10.343182665175958
five-prime-30kb-1300bp	39.30620360753066	10.263695895224405
five-prime-30kb-1400bp	39.46668188143646	10.334895112341604
five-prime-30kb-1500bp	39.58059669488274	10.173197742519433
five-prime-30kb-1600bp	39.592553153728744	10.270578213182835
five-prime-30kb-1700bp	39.71842021196106	10.346395485038867
five-prime-30kb-1800bp	39.79916941752742	10.352305398786072
five-prime-30kb-1900bp	39.87031953271295	10.409807262272388
five-prime-30kb-2000bp	39.937633866854775	10.15546800127782
five-prime-30kb-2100bp	39.87586646598505	10.212064742838889
five-prime-30kb-2200bp	39.90089137047584	10.370374314466748
five-prime-30kb-2300bp	39.926747371472864	10.393737685712765
five-prime-30kb-2400bp	40.02014596009607	10.464749733759318
five-prime-30kb-2500bp	40.1874260098571	10.572843450479233
five-prime-30kb-2600bp	40.209904153354636	10.404259850905218
five-prime-30kb-2700bp	40.1919595314164	10.261075612353567
five-prime-30kb-2800bp	40.21179474847413	10.378753993610223
five-prime-30kb-2900bp	40.1536386226482	10.430937167199149
five-prime-30kb-3000bp	40.240719239460766	10.461821086261981
five-prime-30kb-3100bp	40.189853180337785	10.3953884658395
five-prime-30kb-3200bp	40.23531604451781	10.335374620586826
five-prime-30kb-3300bp	40.31244660432444	10.276425794770754
five-prime-30kb-3400bp	40.20548789301119	10.223387826827839
five-prime-30kb-3500bp	40.169027585472364	10.20268399190542
five-prime-30kb-3600bp	40.20826415559301	10.095590584726809
five-prime-30kb-3700bp	40.22511583320019	10.066464291420354
five-prime-30kb-3800bp	40.22986835464867	9.930819619747563
five-prime-30kb-3900bp	40.301749082853256	10.061884220056452
five-prime-30kb-4000bp	40.37396080678306	10.156414762741653
five-prime-30kb-4100bp	40.346350496542236	10.222890924584576
five-prime-30kb-4200bp	40.28391465444152	10.373062789583
five-prime-30kb-4300bp	40.20919209671406	10.263726899930766
five-prime-30kb-4400bp	40.341694626404646	10.257389359322575
five-prime-30kb-4500bp	40.24468321173066	10.15082281514619
five-prime-30kb-4600bp	40.328009916072475	10.102998349044043
five-prime-30kb-4700bp	40.282650760682394	10.062523299781647
five-prime-30kb-4800bp	40.31649741427869	10.160355754380358
five-prime-30kb-4900bp	40.26049463132065	10.137615167492145
five-prime-30kb-5000bp	40.28700005325664	10.20796719390744
five-prime-30kb-5100bp	40.32632120857077	10.33152260744528
five-prime-30kb-5200bp	40.41178454764948	10.31742650191734
five-prime-30kb-5300bp	40.35918469550881	10.248442243169835
five-prime-30kb-5400bp	40.24087163946283	10.062896096288013
five-prime-30kb-5500bp	40.283214033653394	10.157266869041912
five-prime-30kb-5600bp	40.32578187938469	10.25776215582894
five-prime-30kb-5700bp	40.367696677122495	10.11082707567769
five-prime-30kb-5800bp	40.41412366192682	10.158012462054641
five-prime-30kb-5900bp	40.33682778849738	10.066038238270224
five-prime-30kb-6000bp	40.40162974009374	10.26033233915637
five-prime-30kb-6100bp	40.45496770793623	10.303046442266723
five-prime-30kb-6200bp	40.41382616105667	10.366425223689816
five-prime-30kb-6300bp	40.340211414774686	10.418512995313165
five-prime-30kb-6400bp	40.389356127314116	10.354247669773635
five-prime-30kb-6500bp	40.36445807839899	10.339813581890812
five-prime-30kb-6600bp	40.40336446770089	10.272703062583222
five-prime-30kb-6700bp	40.38777032065623	10.283530414402899
five-prime-30kb-6800bp	40.326317373033405	10.325147818675758
five-prime-30kb-6900bp	40.39639580576032	10.256325573962606
five-prime-30kb-7000bp	40.43825352012642	10.265540936451286
five-prime-30kb-7100bp	40.38347626910989	10.166995152612795
five-prime-30kb-7200bp	40.38862845372541	10.165672277860644
five-prime-30kb-7300bp	40.39500319624973	10.240144896654591
five-prime-30kb-7400bp	40.31879039704525	10.340666950777754
five-prime-30kb-7500bp	40.261664091909935	10.198700191774984
five-prime-30kb-7600bp	40.27351594691299	10.384615384615385
five-prime-30kb-7700bp	40.409456287683675	10.34824996004475
five-prime-30kb-7800bp	40.34922455477316	10.266528155132917
five-prime-30kb-7900bp	40.40455430658403	10.19823131426136
five-prime-30kb-8000bp	40.36235808051845	10.320121463960364
five-prime-30kb-8100bp	40.46716344360982	10.325715198977145
five-prime-30kb-8200bp	40.415481327579776	10.297480155559107
five-prime-30kb-8300bp	40.370048367444916	10.043897501465025
five-prime-30kb-8400bp	40.386161429304835	10.175217090192318
five-prime-30kb-8500bp	40.36611614278103	10.32099094299414
five-prime-30kb-8600bp	40.33841236014917	10.246403835908364
five-prime-30kb-8700bp	40.33537559936068	10.303462972828983
five-prime-30kb-8800bp	40.43605043509146	10.161960575386255
five-prime-30kb-8900bp	40.52370804475226	10.307298881193393
five-prime-30kb-9000bp	40.47623304789254	10.219445924347363
five-prime-30kb-9100bp	40.45375729698283	10.13767382385849
five-prime-30kb-9200bp	40.383951406649615	10.04481031543052
five-prime-30kb-9300bp	40.404138351924594	10.113538281208376
five-prime-30kb-9400bp	40.41018959373693	10.052959667536896
five-prime-30kb-9500bp	40.305520034100596	9.935635123614663
five-prime-30kb-9600bp	40.38619815608127	9.742554211732111
five-prime-30kb-9700bp	40.39641321167311	9.861526985987533
five-prime-30kb-9800bp	40.37333937409735	10.111886621556822
five-prime-30kb-9900bp	40.4225533257368	10.158461210571184
five-prime-30kb-10000bp	40.351496805058915	10.143603133159269
five-prime-30kb-10100bp	40.319207727850554	10.210635690307454
five-prime-30kb-10200bp	40.44198650203872	10.200937816379815
five-prime-30kb-10300bp	40.4314400010036	10.081579368039645
five-prime-30kb-10400bp	40.488989108891	10.075611445622636
five-prime-30kb-10500bp	40.38343655864068	10.110785463071512
five-prime-30kb-10600bp	40.35491148299998	10.106261657340793
five-prime-30kb-10700bp	40.4373034905409	10.07711164401812
five-prime-30kb-10800bp	40.38820499156231	10.097788435917932
five-prime-30kb-10900bp	40.390482765302906	10.134559019451105
five-prime-30kb-11000bp	40.324065651693196	10.184225952571277
five-prime-30kb-11100bp	40.34740207833733	10.128910205169198
five-prime-30kb-11200bp	40.39712230215827	10.210338395949906
five-prime-30kb-11300bp	40.41790567545963	10.293898214761525
five-prime-30kb-11400bp	40.34169997335465	10.103010924593658
five-prime-30kb-11500bp	40.32119609516325	10.116653343991473
five-prime-30kb-11600bp	40.33889362609252	10.225431677680666
five-prime-30kb-11700bp	40.32268026848363	10.02787103650413
five-prime-30kb-11800bp	40.33665512034817	10.058566480149214
five-prime-30kb-11900bp	40.35784485813411	10.100026645350386
five-prime-30kb-12000bp	40.370690114575005	10.354223288036238
five-prime-30kb-12100bp	40.43316643388586	10.200159872102319
five-prime-30kb-12200bp	40.537225766014934	10.218290343210404
five-prime-30kb-12300bp	40.51686830464212	10.291850983318232
five-prime-30kb-12400bp	40.355371706720796	10.302867192496269
five-prime-30kb-12500bp	40.37560624633587	10.327293076800085
five-prime-30kb-12600bp	40.335943861431545	10.456246002984438
five-prime-30kb-12700bp	40.233884234362876	10.367032615646984
five-prime-30kb-12800bp	40.41679101826192	10.286772543167768
five-prime-30kb-12900bp	40.46548691091432	10.303080366659561
five-prime-30kb-13000bp	40.40188659134513	10.445001065870816
five-prime-30kb-13100bp	40.35429545939032	10.44580046898316
five-prime-30kb-13200bp	40.32615646983586	10.584736729908336
five-prime-30kb-13300bp	40.463613051274656	10.519292261777872
five-prime-30kb-13400bp	40.281024542855704	10.272116819441484
five-prime-30kb-13500bp	40.36780332185565	10.39956296967436
five-prime-30kb-13600bp	40.304568247886145	10.372754889942973
five-prime-30kb-13700bp	40.406118424558976	10.233598038693172
five-prime-30kb-13800bp	40.404858638669864	10.071363854394287
five-prime-30kb-13900bp	40.4138935701898	10.187283483451473
five-prime-30kb-14000bp	40.43001285342595	10.347172626978628
five-prime-30kb-14100bp	40.47301807254906	10.457496136012365
five-prime-30kb-14200bp	40.38857254967129	10.360443425891383
five-prime-30kb-14300bp	40.401232922951195	10.271171987422054
five-prime-30kb-14400bp	40.35452752758088	10.223365133507436
five-prime-30kb-14500bp	40.49586953045888	10.300698182593402
five-prime-30kb-14600bp	40.336246868837605	10.35474071310558
five-prime-30kb-14700bp	40.43154079837979	10.344561104301018
five-prime-30kb-14800bp	40.41720407184352	10.43777647497735
five-prime-30kb-14900bp	40.45577288635435	10.222938762458028
five-prime-30kb-15000bp	40.294107196788	9.989820391195439
five-prime-30kb-15100bp	40.30224157266922	10.263536559369005
five-prime-30kb-15200bp	40.4081219356214	10.409134512897037
five-prime-30kb-15300bp	40.45871036660959	10.349304482225657
five-prime-30kb-15400bp	40.45664200959197	10.215637158236955
five-prime-30kb-15500bp	40.39962768670865	10.148163939668496
five-prime-30kb-15600bp	40.4778409424788	10.185844481159728
five-prime-30kb-15700bp	40.47051148422898	10.124180568139423
five-prime-30kb-15800bp	40.556686743776986	10.201908213847876
five-prime-30kb-15900bp	40.45759777412867	10.141989126958746
five-prime-30kb-16000bp	40.36284126995932	10.312280140709946
five-prime-30kb-16100bp	40.350540212377176	10.390150303805564
five-prime-30kb-16200bp	40.40659574954122	10.33212515324343
five-prime-30kb-16300bp	40.416157555268526	10.125093273638205
five-prime-30kb-16400bp	40.35694488860462	10.269054471804711
five-prime-30kb-16500bp	40.51783747290623	10.215222257755038
five-prime-30kb-16600bp	40.56395906619763	10.305244643428207
five-prime-30kb-16700bp	40.57771026543013	10.350975375759514
five-prime-30kb-16800bp	40.58109089694129	10.334505916213624
five-prime-30kb-16900bp	40.487692069137616	10.412877778370023
five-prime-30kb-17000bp	40.5212675772824	10.298987206823028
five-prime-30kb-17100bp	40.46466291170057	10.422144037528653
five-prime-30kb-17200bp	40.450852119808026	10.489579446724589
five-prime-30kb-17300bp	40.50496541565556	10.398699429667928
five-prime-30kb-17400bp	40.46407946407946	10.378271762887147
five-prime-30kb-17500bp	40.447571832187215	10.247934324857402
five-prime-30kb-17600bp	40.49218072294995	10.120315581854044
five-prime-30kb-17700bp	40.444753838419	10.106615491230876
five-prime-30kb-17800bp	40.43336176564666	10.211802964068664
five-prime-30kb-17900bp	40.4043074954686	10.37759889113978
five-prime-30kb-18000bp	40.441825456059384	10.408732274229662
five-prime-30kb-18100bp	40.501965249256436	10.282203028364258
five-prime-30kb-18200bp	40.37315466458141	10.27831094049904
five-prime-30kb-18300bp	40.35361128883201	10.290040520366816
five-prime-30kb-18400bp	40.38262718892917	10.265621667732992
five-prime-30kb-18500bp	40.40106843465769	10.280976754105353
five-prime-30kb-18600bp	40.41608018767328	10.4116549370868
five-prime-30kb-18700bp	40.403870761356366	10.295638728940073
five-prime-30kb-18800bp	40.35739977841237	10.165227127319257
five-prime-30kb-18900bp	40.39765395894428	10.202026126366302
five-prime-30kb-19000bp	40.3712270453869	10.192685007464279
five-prime-30kb-19100bp	40.381371294519084	10.320110897846023
five-prime-30kb-19200bp	40.50030804957228	10.254371934314353
five-prime-30kb-19300bp	40.50388113246684	10.213904883770526
five-prime-30kb-19400bp	40.51781040456664	10.144593730006397
five-prime-30kb-19500bp	40.45513833853872	10.259703561526978
five-prime-30kb-19600bp	40.46406100031993	10.23141729764317
five-prime-30kb-19700bp	40.4897621840674	10.28409939212968
five-prime-30kb-19800bp	40.50004058835607	10.210461768156126
five-prime-30kb-19900bp	40.45568278767196	10.333208915431374
five-prime-30kb-20000bp	40.3963954356404	10.34099392129679
five-prime-30kb-20100bp	40.44438519782447	10.27647435213821
five-prime-30kb-20200bp	40.50464123258004	10.358590167430949
five-prime-30kb-20300bp	40.54664304093759	10.297696491415165
five-prime-30kb-20400bp	40.374510580599946	10.286498880238883
five-prime-30kb-20500bp	40.44547539060417	10.38084573134965
five-prime-30kb-20600bp	40.42563895419134	10.355585177286057
five-prime-30kb-20700bp	40.44718410271748	10.362395350077321
five-prime-30kb-20800bp	40.434917079933875	10.463125899856022
five-prime-30kb-20900bp	40.45822668941737	10.495041057907647
five-prime-30kb-21000bp	40.415229666870395	10.483150261277594
five-prime-30kb-21100bp	40.46774335200647	10.540897941772421
five-prime-30kb-21200bp	40.46217113235939	10.569905086914792
five-prime-30kb-21300bp	40.47417010807809	10.68220113042551
five-prime-30kb-21400bp	40.467086009471004	10.561610237270061
five-prime-30kb-21500bp	40.52497992040182	10.429432151426287
five-prime-30kb-21600bp	40.39438174758012	10.427748746933988
five-prime-30kb-21700bp	40.390177571588545	10.338025915853464
five-prime-30kb-21800bp	40.334199949801956	10.281753225978457
five-prime-30kb-21900bp	40.45932088693773	10.17478937826597
five-prime-30kb-22000bp	40.49664555078066	10.235896342113682
five-prime-30kb-22100bp	40.483796049435384	10.32313106537272
five-prime-30kb-22200bp	40.373235931890086	10.351125093313426
five-prime-30kb-22300bp	40.44888817789154	10.256225670559378
five-prime-30kb-22400bp	40.465654384187424	10.18807657441476
five-prime-30kb-22500bp	40.47975905554458	10.030288487175385
five-prime-30kb-22600bp	40.39777090443686	9.845456484641637
five-prime-30kb-22700bp	40.451890845928816	9.93707337883959
five-prime-30kb-22800bp	40.40612761217464	10.100197301765052
five-prime-30kb-22900bp	40.43493485486767	10.102703567429211
five-prime-30kb-23000bp	40.422195305893915	10.116194742174585
five-prime-30kb-23100bp	40.40439204940885	10.284221191276062
five-prime-30kb-23200bp	40.415369027303754	10.11113481228669
five-prime-30kb-23300bp	40.31515368519421	10.157849829351536
five-prime-30kb-23400bp	40.39156087086974	10.288129266211604
five-prime-30kb-23500bp	40.374390203009064	10.307060580204778
five-prime-30kb-23600bp	40.43673821977591	10.343643344709898
five-prime-30kb-23700bp	40.42315486348123	10.334524317406144
five-prime-30kb-23800bp	40.47639489882984	10.36300127986348
five-prime-30kb-23900bp	40.5468270220389	10.47546928327645
five-prime-30kb-24000bp	40.48414286789801	10.427741040955631
five-prime-30kb-24100bp	40.59386450974945	10.434300341296929
five-prime-30kb-24200bp	40.520989447604705	10.317512798634812
five-prime-30kb-24300bp	40.50980594166291	10.307290277851848
five-prime-30kb-24400bp	40.52009670595346	10.380193056370327
five-prime-30kb-24500bp	40.42236892940086	10.328444965870307
five-prime-30kb-24600bp	40.566226883789604	10.256452645051194
five-prime-30kb-24700bp	40.51759812286689	10.24824018771331
five-prime-30kb-24800bp	40.441286262798634	10.348602815699659
five-prime-30kb-24900bp	40.45458262229807	10.476642491467576
five-prime-30kb-25000bp	40.5190296731889	10.411102815699659
five-prime-30kb-25100bp	40.4568478560007	10.499760012799317
five-prime-30kb-25200bp	40.488387973856206	10.52608
five-prime-30kb-25300bp	40.496444129459015	10.663093333333334
five-prime-30kb-25400bp	40.414469183400264	10.547626666666666
five-prime-30kb-25500bp	40.507013707397725	10.426636087257988
five-prime-30kb-25600bp	40.43618326310737	10.440663502053443
five-prime-30kb-25700bp	40.42651417599415	10.326897434529842
five-prime-30kb-25800bp	40.55257100891535	10.224278628193504
five-prime-30kb-25900bp	40.47181182996427	10.277828150834711
five-prime-30kb-26000bp	40.38258556585383	10.41276868099632
five-prime-30kb-26100bp	40.459232297267235	10.314843458317776
five-prime-30kb-26200bp	40.44392613595363	10.46605152274788
five-prime-30kb-26300bp	40.40237353661402	10.524187956691023
five-prime-30kb-26400bp	40.493787309340966	10.447567740558993
five-prime-30kb-26500bp	40.416152282297084	10.491625773415832
five-prime-30kb-26600bp	40.4037764028163	10.291817793898016
five-prime-30kb-26700bp	40.38105397909111	10.261467889908257
five-prime-30kb-26800bp	40.46282897626727	10.285203755067208
five-prime-30kb-26900bp	40.481479050073034	10.380733944954128
five-prime-30kb-27000bp	40.40967925467605	10.358864945594197
five-prime-30kb-27100bp	40.497462977247494	10.403723063793471
five-prime-30kb-27200bp	40.40363941774573	10.469223383827607
five-prime-30kb-27300bp	40.501155210941796	10.52256240665671
five-prime-30kb-27400bp	40.431674079423175	10.496692980584596
five-prime-30kb-27500bp	40.483737275864016	10.572464927721768
five-prime-30kb-27600bp	40.38299394254538	10.579826105510215
five-prime-30kb-27700bp	40.43260254974129	10.631194324425241
five-prime-30kb-27800bp	40.413727148724746	10.390142422787646
five-prime-30kb-27900bp	40.43087509386117	10.411799221208726
five-prime-30kb-28000bp	40.500720115218435	10.615671840827865
five-prime-30kb-28100bp	40.50051860149476	10.48525097348909
five-prime-30kb-28200bp	40.50825909923365	10.643729663412813
five-prime-30kb-28300bp	40.546460264403514	10.637241305739279
five-prime-30kb-28400bp	40.519308726264136	10.67692553872413
five-prime-30kb-28500bp	40.46965351180974	10.623906550032004
five-prime-30kb-28600bp	40.48938301672983	10.337173947831653
five-prime-30kb-28700bp	40.463416739158966	10.362118625986772
five-prime-30kb-28800bp	40.46330423908155	10.519204096874
five-prime-30kb-28900bp	40.42620240113839	10.42940203765936
five-prime-30kb-29000bp	40.406440603471545	10.441083906758415
five-prime-30kb-29100bp	40.44416732693492	10.62420653971302
five-prime-30kb-29200bp	40.4845460578352	10.704379367365446
five-prime-30kb-29300bp	40.44562260396446	10.663359470848668
five-prime-30kb-29400bp	40.50648937846534	10.56286339147597
five-prime-30kb-29500bp	40.48266889529025	10.718713325509443
five-prime-30kb-29600bp	40.43058467191616	10.828550090686013
five-prime-30kb-29700bp	40.397948228955514	10.545449695935133
five-prime-30kb-29800bp	40.519378846797665	10.543102528539421
five-prime-30kb-29900bp	40.47895932084559	10.401098901098901
five-prime-30kb-30000bp	40.533713858956574	10.438973647711512
three-prime-30kb-100bp	35.363362963888044	8.013681856899488
three-prime-30kb-200bp	36.6767590367677	8.650497843565306
three-prime-30kb-300bp	37.586608600131555	8.908950535115276
three-prime-30kb-400bp	38.066673258942046	8.98413290027155
three-prime-30kb-500bp	38.497082723109024	9.122357701932804
three-prime-30kb-600bp	38.983280975453916	9.315531654331505
three-prime-30kb-700bp	39.253873595655186	9.433789468079443
three-prime-30kb-800bp	39.45940045790959	9.410681007401097
three-prime-30kb-900bp	39.77129741984481	9.518396251530802
three-prime-30kb-1000bp	39.99054810025918	9.627069911080348
three-prime-30kb-1100bp	40.14349608647037	9.633033384803792
three-prime-30kb-1200bp	40.31931616484332	9.835197018104367
three-prime-30kb-1300bp	40.38493918502326	9.80346112886049
three-prime-30kb-1400bp	40.4234291799787	9.917465388711395
three-prime-30kb-1500bp	40.436102236421725	10.018104366347178
three-prime-30kb-1600bp	40.49806926202027	10.101544195953142
three-prime-30kb-1700bp	40.61775698016395	10.11863684771033
three-prime-30kb-1800bp	40.69975150869719	10.131522896698616
three-prime-30kb-1900bp	40.67478530875286	10.061291868576602
three-prime-30kb-2000bp	40.70807422963973	10.183493077742279
three-prime-30kb-2100bp	40.72114770213812	10.317305644302449
three-prime-30kb-2200bp	40.72562376388255	10.292811501597445
three-prime-30kb-2300bp	40.780818999946746	10.531657702753074
three-prime-30kb-2400bp	40.85825952737224	10.468051118210862
three-prime-30kb-2500bp	40.822371824129014	10.480777422790203
three-prime-30kb-2600bp	40.778725827130955	10.406091911177379
three-prime-30kb-2700bp	40.81478325700287	10.478006177441687
three-prime-30kb-2800bp	40.799126637554586	10.57657897539674
three-prime-30kb-2900bp	40.76451166258388	10.376078389604857
three-prime-30kb-3000bp	40.707233158079895	10.335605495792949
three-prime-30kb-3100bp	40.743712854086844	10.200181062946001
three-prime-30kb-3200bp	40.771241433614215	10.252156779209713
three-prime-30kb-3300bp	40.74987869966036	10.357279795505379
three-prime-30kb-3400bp	40.821386729151136	10.350995846203004
three-prime-30kb-3500bp	40.777452337842156	10.393918415166684
three-prime-30kb-3600bp	40.84913196293535	10.494887634465865
three-prime-30kb-3700bp	40.77117282635709	10.520928746405367
three-prime-30kb-3800bp	40.78339047444423	10.347534348705933
three-prime-30kb-3900bp	40.772286718500375	10.228352327191395
three-prime-30kb-4000bp	40.66638264635922	10.252636063478539
three-prime-30kb-4100bp	40.74310363190968	10.501917137075301
three-prime-30kb-4200bp	40.67035893066354	10.468047715411652
three-prime-30kb-4300bp	40.785402370555204	10.403237831504953
three-prime-30kb-4400bp	40.77794826392587	10.484130365321121
three-prime-30kb-4500bp	40.75013313451912	10.376770689104271
three-prime-30kb-4600bp	40.788156353179254	10.280541058685696
three-prime-30kb-4700bp	40.73197358611141	10.317925231654064
three-prime-30kb-4800bp	40.685003727766535	10.51065076152945
three-prime-30kb-4900bp	40.72702098200021	10.382309085099585
three-prime-30kb-5000bp	40.73545606238119	10.475929278943445
three-prime-30kb-5100bp	40.71776108462343	10.565661944829055
three-prime-30kb-5200bp	40.703110956643926	10.8017360741293
three-prime-30kb-5300bp	40.73690874500976	10.615187985940995
three-prime-30kb-5400bp	40.64541726580391	10.52708100335517
three-prime-30kb-5500bp	40.62995704192849	10.577644051549687
three-prime-30kb-5600bp	40.66307638927664	10.53578655873895
three-prime-30kb-5700bp	40.6864695311688	10.45188262235714
three-prime-30kb-5800bp	40.68080123893548	10.395558159352365
three-prime-30kb-5900bp	40.67898726859132	10.62164465274819
three-prime-30kb-6000bp	40.62510651896037	10.46713890072433
three-prime-30kb-6100bp	40.575497583918775	10.52615040477205
three-prime-30kb-6200bp	40.63116034654169	10.538719642096293
three-prime-30kb-6300bp	40.492491679789346	10.57988922028121
three-prime-30kb-6400bp	40.6306724137777	10.616691521090754
three-prime-30kb-6500bp	40.53839543557801	10.602790796761823
three-prime-30kb-6600bp	40.5542278343727	10.701374094588838
three-prime-30kb-6700bp	40.47083317194097	10.641989774179804
three-prime-30kb-6800bp	40.61465570463379	10.518853855986366
three-prime-30kb-6900bp	40.66245916773185	10.585055389859395
three-prime-30kb-7000bp	40.65225110069592	10.5497443544951
three-prime-30kb-7100bp	40.560769066893904	10.524286322965487
three-prime-30kb-7200bp	40.55799957392416	10.682094162760972
three-prime-30kb-7300bp	40.596746842595735	10.5471878994461
three-prime-30kb-7400bp	40.5079103008907	10.576693651469961
three-prime-30kb-7500bp	40.48862022439994	10.483170004260758
three-prime-30kb-7600bp	40.57230359520639	10.377097203728361
three-prime-30kb-7700bp	40.45954727030626	10.495446071904128
three-prime-30kb-7800bp	40.45324456280515	10.440958721704394
three-prime-30kb-7900bp	40.53491344873502	10.42908122503329
three-prime-30kb-8000bp	40.4903861517976	10.388122503328894
three-prime-30kb-8100bp	40.52183082489341	10.169107856191744
three-prime-30kb-8200bp	40.47305814469596	10.256085219707057
three-prime-30kb-8300bp	40.55916169744688	10.337203728362184
three-prime-30kb-8400bp	40.50978182935573	10.314673768308921
three-prime-30kb-8500bp	40.62178050395465	10.433821571238349
three-prime-30kb-8600bp	40.50333777185974	10.402769640479361
three-prime-30kb-8700bp	40.559585952203406	10.397091722595079
three-prime-30kb-8800bp	40.512369679932924	10.375552596537949
three-prime-30kb-8900bp	40.418662077131565	10.312916111850866
three-prime-30kb-9000bp	40.459694815504676	10.339760319573902
three-prime-30kb-9100bp	40.47637113884784	10.259866844207723
three-prime-30kb-9200bp	40.48892084798125	10.291573452647278
three-prime-30kb-9300bp	40.494842791702816	10.383509108341324
three-prime-30kb-9400bp	40.55859166932992	10.277564717162033
three-prime-30kb-9500bp	40.49288022442385	10.297166293810589
three-prime-30kb-9600bp	40.52053481063229	10.368401427582166
three-prime-30kb-9700bp	40.56155116390561	10.44606615884515
three-prime-30kb-9800bp	40.381295582465	10.48564427635434
three-prime-30kb-9900bp	40.43938899369389	10.50007991050024
three-prime-30kb-10000bp	40.545506628204826	10.393266208513133
three-prime-30kb-10100bp	40.48034816390258	10.465984763731287
three-prime-30kb-10200bp	40.49091683980608	10.314953918278196
three-prime-30kb-10300bp	40.52364462912649	10.281018592509723
three-prime-30kb-10400bp	40.539208421683576	10.308933993926802
three-prime-30kb-10500bp	40.54032052885086	10.17778369738945
three-prime-30kb-10600bp	40.561034122310566	10.18449653702717
three-prime-30kb-10700bp	40.51191758471523	10.19584443260522
three-prime-30kb-10800bp	40.556550257067066	10.16793649102243
three-prime-30kb-10900bp	40.57673910845174	10.312749746923117
three-prime-30kb-11000bp	40.572616911317105	10.454845756300282
three-prime-30kb-11100bp	40.488867577151446	10.434759443763653
three-prime-30kb-11200bp	40.461206672488714	10.459985080988917
three-prime-30kb-11300bp	40.51454898228576	10.28127664109122
three-prime-30kb-11400bp	40.43432341838925	10.106031543052003
three-prime-30kb-11500bp	40.386918168168165	10.272165387894288
three-prime-30kb-11600bp	40.462364798524064	10.294170929241261
three-prime-30kb-11700bp	40.42778695681357	10.226502557544757
three-prime-30kb-11800bp	40.52006403440711	10.19836956521739
three-prime-30kb-11900bp	40.48872057184078	10.077152600170503
three-prime-30kb-12000bp	40.427759313483485	10.157936803964406
three-prime-30kb-12100bp	40.43762146261275	10.118179880647912
three-prime-30kb-12200bp	40.46075891191986	10.165130281877763
three-prime-30kb-12300bp	40.463366547663455	10.150317045878404
three-prime-30kb-12400bp	40.55902077354627	10.19784728512815
three-prime-30kb-12500bp	40.464509753581	10.156338253316992
three-prime-30kb-12600bp	40.53648024274188	10.217094745816903
three-prime-30kb-12700bp	40.45578809679529	10.349000799360512
three-prime-30kb-12800bp	40.44310238883723	10.258086863842259
three-prime-30kb-12900bp	40.529105604405366	10.187156941113775
three-prime-30kb-13000bp	40.422104898426454	10.032933653077539
three-prime-30kb-13100bp	40.471517735306705	10.115640820676791
three-prime-30kb-13200bp	40.53909002878998	10.203943511857181
three-prime-30kb-13300bp	40.43836472041005	10.292992272848387
three-prime-30kb-13400bp	40.50883737454481	10.422115640820676
three-prime-30kb-13500bp	40.49585447481259	10.383479882760458
three-prime-30kb-13600bp	40.43433654682679	10.46890487609912
three-prime-30kb-13700bp	40.4915073926411	10.593232081001865
three-prime-30kb-13800bp	40.38718685961408	10.520756727950973
three-prime-30kb-13900bp	40.483302704915104	10.573354649613643
three-prime-30kb-14000bp	40.486018491143156	10.477591260325074
three-prime-30kb-14100bp	40.43209679170244	10.452970956568079
three-prime-30kb-14200bp	40.46474820143885	10.454249933386624
three-prime-30kb-14300bp	40.4816413535838	10.36546762589928
three-prime-30kb-14400bp	40.39309745186307	10.395949906741274
three-prime-30kb-14500bp	40.42275512922995	10.401492139621636
three-prime-30kb-14600bp	40.50402344790834	10.284359179323209
three-prime-30kb-14700bp	40.42451372235545	10.24220623501199
three-prime-30kb-14800bp	40.518279213107505	10.324593658406608
three-prime-30kb-14900bp	40.433151449854606	10.45398347988276
three-prime-30kb-15000bp	40.4326941314332	10.286597388755663
three-prime-30kb-15100bp	40.447223618585085	10.387156941113776
three-prime-30kb-15200bp	40.45435651478817	10.404529709565681
three-prime-30kb-15300bp	40.47599451303155	10.455635491606715
three-prime-30kb-15400bp	40.36169675104117	10.580335731414868
three-prime-30kb-15500bp	40.39209598504771	10.62099653610445
three-prime-30kb-15600bp	40.52235544897415	10.44535038635758
three-prime-30kb-15700bp	40.361204369837466	10.453876898481216
three-prime-30kb-15800bp	40.39474198419042	10.53738342659206
three-prime-30kb-15900bp	40.488245301194944	10.409858779642953
three-prime-30kb-16000bp	40.48973073793218	10.390141220357048
three-prime-30kb-16100bp	40.42597527179706	10.319281603069708
three-prime-30kb-16200bp	40.5359198465146	10.440950756768279
three-prime-30kb-16300bp	40.47064287236958	10.599339160093797
three-prime-30kb-16400bp	40.47348505036508	10.519693012844428
three-prime-30kb-16500bp	40.50920133227299	10.432956725644852
three-prime-30kb-16600bp	40.453985151016134	10.388776380302707
three-prime-30kb-16700bp	40.372308676188446	10.424483052654018
three-prime-30kb-16800bp	40.52723299936048	10.454860370923043
three-prime-30kb-16900bp	40.48238858163034	10.515241952675336
three-prime-30kb-17000bp	40.479645989026594	10.620423173266536
three-prime-30kb-17100bp	40.45232638703832	10.659809198955392
three-prime-30kb-17200bp	40.46133347545702	10.625326440334701
three-prime-30kb-17300bp	40.4580823962053	10.517134786547993
three-prime-30kb-17400bp	40.4729902943417	10.496535550580962
three-prime-30kb-17500bp	40.475101355132054	10.381335607312263
three-prime-30kb-17600bp	40.404732718648404	10.460853808026435
three-prime-30kb-17700bp	40.50135905771998	10.488834408143687
three-prime-30kb-17800bp	40.46782571835465	10.40441294036135
three-prime-30kb-17900bp	40.500044290602546	10.452752758087726
three-prime-30kb-18000bp	40.525583626479055	10.467753970792026
three-prime-30kb-18100bp	40.535383944313956	10.562413388764524
three-prime-30kb-18200bp	40.475667608336444	10.491018602419913
three-prime-30kb-18300bp	40.53052430283003	10.450378424475003
three-prime-30kb-18400bp	40.61800447713463	10.371442276942757
three-prime-30kb-18500bp	40.56957531675852	10.541839889137618
three-prime-30kb-18600bp	40.46782315576655	10.519027822193795
three-prime-30kb-18700bp	40.53628712271697	10.45576164587997
three-prime-30kb-18800bp	40.462952923452875	10.460558575844793
three-prime-30kb-18900bp	40.587681373853876	10.4140504237514
three-prime-30kb-19000bp	40.52439920692536	10.420926389851287
three-prime-30kb-19100bp	40.60793017378767	10.52315974628218
three-prime-30kb-19200bp	40.5984138756929	10.402697084377165
three-prime-30kb-19300bp	40.33794836912841	10.529634367338236
three-prime-30kb-19400bp	40.575673589104994	10.307429911523291
three-prime-30kb-19500bp	40.45412713641047	10.175674235156167
three-prime-30kb-19600bp	40.32553388053868	10.422982624453683
three-prime-30kb-19700bp	40.3929072721781	10.466712861787752
three-prime-30kb-19800bp	40.46867190571869	10.503651191301103
three-prime-30kb-19900bp	40.42636320025585	10.346836522573424
three-prime-30kb-20000bp	40.37050263845211	10.48611481264325
three-prime-30kb-20100bp	40.43465515403475	10.604839569342287
three-prime-30kb-20200bp	40.417917405079905	10.5837863767189
three-prime-30kb-20300bp	40.43167023208667	10.548235795757382
three-prime-30kb-20400bp	40.45248715007858	10.467594073126532
three-prime-30kb-20500bp	40.472279621384196	10.384553885513272
three-prime-30kb-20600bp	40.4004079813162	10.447393668052447
three-prime-30kb-20700bp	40.46866005756316	10.285843726681591
three-prime-30kb-20800bp	40.48188305551862	10.295277688945742
three-prime-30kb-20900bp	40.51854399747469	10.319795330988168
three-prime-30kb-21000bp	40.54993453648955	10.331752038803902
three-prime-30kb-21100bp	40.4926030323648	10.330845903736474
three-prime-30kb-21200bp	40.48872167511131	10.248161176846818
three-prime-30kb-21300bp	40.48620946086568	10.178232597804072
three-prime-30kb-21400bp	40.36999328181901	10.459439292186334
three-prime-30kb-21500bp	40.48006609103507	10.515456774331096
three-prime-30kb-21600bp	40.405127385140176	10.389084319368937
three-prime-30kb-21700bp	40.46519560814412	10.281419891269588
three-prime-30kb-21800bp	40.421117151689586	10.196087837117577
three-prime-30kb-21900bp	40.393973821666414	10.137405393881249
three-prime-30kb-22000bp	40.491919514944776	10.180417865899157
three-prime-30kb-22100bp	40.50109884597659	10.257314928316367
three-prime-30kb-22200bp	40.481692693066144	10.374087299472366
three-prime-30kb-22300bp	40.3874693256154	10.365506582103075
three-prime-30kb-22400bp	40.547676300174174	10.191227415658476
three-prime-30kb-22500bp	40.522296841132786	10.277742244963223
three-prime-30kb-22600bp	40.47295952812422	10.486515296876666
three-prime-30kb-22700bp	40.43363920560229	10.450538322140497
three-prime-30kb-22800bp	40.41780382917802	10.52382475215862
three-prime-30kb-22900bp	40.41752423747946	10.26356465195608
three-prime-30kb-23000bp	40.44403639018698	10.277848843406886
three-prime-30kb-23100bp	40.48669296094943	10.42324912056284
three-prime-30kb-23200bp	40.51497394608627	10.413548662189532
three-prime-30kb-23300bp	40.51015404296146	10.471616651564416
three-prime-30kb-23400bp	40.50132366789261	10.38228239432866
three-prime-30kb-23500bp	40.5524225787538	10.299131176376525
three-prime-30kb-23600bp	40.57543722497616	10.170193486487927
three-prime-30kb-23700bp	40.478803755743506	10.173658120569266
three-prime-30kb-23800bp	40.40577891273483	10.213581365598849
three-prime-30kb-23900bp	40.43078727146741	10.246415436277385
three-prime-30kb-24000bp	40.52907627525185	10.244656468205319
three-prime-30kb-24100bp	40.39427381346905	10.274772133681573
three-prime-30kb-24200bp	40.41065219906741	10.369649805447471
three-prime-30kb-24300bp	40.38941607864967	10.572250946111614
three-prime-30kb-24400bp	40.37268802302649	10.572197644048824
three-prime-30kb-24500bp	40.2823054918892	10.54554661265391
three-prime-30kb-24600bp	40.39060544855427	10.366185171366132
three-prime-30kb-24700bp	40.45511727078891	10.433262260127933
three-prime-30kb-24800bp	40.44077698243477	10.450213219616204
three-prime-30kb-24900bp	40.56214456214456	10.688309611386535
three-prime-30kb-25000bp	40.41625511438944	10.680703624733475
three-prime-30kb-25100bp	40.40142954060864	10.621855010660981
three-prime-30kb-25200bp	40.38634027663878	10.493763326226013
three-prime-30kb-25300bp	40.31337953091685	10.479797441364605
three-prime-30kb-25400bp	40.34477810279348	10.445948827292112
three-prime-30kb-25500bp	40.43193048575097	10.23055599978677
three-prime-30kb-25600bp	40.3447229252462	10.170158324004477
three-prime-30kb-25700bp	40.32514234437311	10.217442294365371
three-prime-30kb-25800bp	40.40548448832473	10.307265845727384
three-prime-30kb-25900bp	40.53653279812018	10.368729676421983
three-prime-30kb-26000bp	40.56149704110465	10.246894492722717
three-prime-30kb-26100bp	40.48755131417604	10.194220824225622
three-prime-30kb-26200bp	40.49357573172682	10.296422668870289
three-prime-30kb-26300bp	40.501397573477334	10.45204457002719
three-prime-30kb-26400bp	40.5413615791095	10.524578801450202
three-prime-30kb-26500bp	40.51783847141746	10.44423117935594
three-prime-30kb-26600bp	40.451462642318006	10.262596640895762
three-prime-30kb-26700bp	40.48826916924389	10.352724752052895
three-prime-30kb-26800bp	40.49901844356656	10.486963476406292
three-prime-30kb-26900bp	40.417038573263575	10.396161023727005
three-prime-30kb-27000bp	40.42208352282528	10.259077579312184
three-prime-30kb-27100bp	40.427748746933986	10.286978777860723
three-prime-30kb-27200bp	40.402100885144506	10.386424229497708
three-prime-30kb-27300bp	40.48538524547387	10.307454409725926
three-prime-30kb-27400bp	40.45147809544738	10.212114748853578
three-prime-30kb-27500bp	40.51729408837225	10.235683054281754
three-prime-30kb-27600bp	40.402290721203904	10.199274782701435
three-prime-30kb-27700bp	40.51155815069589	10.225563909774436
three-prime-30kb-27800bp	40.48752843223245	10.174052151655735
three-prime-30kb-27900bp	40.49088991289849	10.291633338665813
three-prime-30kb-28000bp	40.50482589452354	10.450114648322934
three-prime-30kb-28100bp	40.49928011518157	10.541726657068203
three-prime-30kb-28200bp	40.44813467526355	10.453367461206208
three-prime-30kb-28300bp	40.51203776673766	10.318242414547006
three-prime-30kb-28400bp	40.46042343297002	10.229788822525597
three-prime-30kb-28500bp	40.48109979379977	10.09017704778157
three-prime-30kb-28600bp	40.42171501706485	10.09017704778157
three-prime-30kb-28700bp	40.43494027303754	10.201311860068259
three-prime-30kb-28800bp	40.45131186006826	10.148730802047782
three-prime-30kb-28900bp	40.418088737201366	10.221736348122867
three-prime-30kb-29000bp	40.37985281569966	10.181687286689419
three-prime-30kb-29100bp	40.38220236900221	10.426994453924914
three-prime-30kb-29200bp	40.429830515048096	10.476855802047782
three-prime-30kb-29300bp	40.51642491467577	10.33484428327645
three-prime-30kb-29400bp	40.473098013077866	10.204778156996587
three-prime-30kb-29500bp	40.46042158730158	10.0272
three-prime-30kb-29600bp	40.424539784946234	10.003573333333334
three-prime-30kb-29700bp	40.328728397695755	10.171538297418392
three-prime-30kb-29800bp	40.40092087937192	10.294804779176445
three-prime-30kb-29900bp	40.468843395785704	10.199317296922503
three-prime-30kb-30000bp	40.43750586401731	10.256867032908422
five-prime-100bp	46.83650970523198	9.416227439706118
five-prime-200bp	38.99486443180603	10.665779386712096
five-prime-300bp	37.64106470103657	11.146515466112975
five-prime-400bp	37.23894956193721	11.359135434412266
five-prime-500bp	37.571904555601236	11.275606899488928
five-prime-600bp	37.825616417582985	11.317131601362862
five-prime-700bp	38.142103485225405	11.108336882453152
five-prime-800bp	38.26609167864559	10.955278709471331
five-prime-900bp	38.56982377681946	10.861683437150615
five-prime-1000bp	38.85243748779925	10.746100196986637
five-prime-1100bp	38.959438744132164	10.507373688974072
five-prime-1200bp	39.225087021445425	10.343182665175958
five-prime-1300bp	39.30620360753066	10.263695895224405
five-prime-1400bp	39.46668188143646	10.334895112341604
five-prime-1500bp	39.58059669488274	10.173197742519433
five-prime-1600bp	39.592553153728744	10.270578213182835
five-prime-1700bp	39.71842021196106	10.346395485038867
five-prime-1800bp	39.79916941752742	10.352305398786072
five-prime-1900bp	39.87031953271295	10.409807262272388
five-prime-2000bp	39.937633866854775	10.15546800127782
three-prime-100bp	35.363362963888044	8.013681856899488
three-prime-200bp	36.6767590367677	8.650497843565306
three-prime-300bp	37.586608600131555	8.908950535115276
three-prime-400bp	38.066673258942046	8.98413290027155
three-prime-500bp	38.497082723109024	9.122357701932804
three-prime-600bp	38.983280975453916	9.315531654331505
three-prime-700bp	39.253873595655186	9.433789468079443
three-prime-800bp	39.45940045790959	9.410681007401097
three-prime-900bp	39.77129741984481	9.518396251530802
three-prime-1000bp	39.99054810025918	9.627069911080348
three-prime-1100bp	40.14349608647037	9.633033384803792
three-prime-1200bp	40.31931616484332	9.835197018104367
three-prime-1300bp	40.38493918502326	9.80346112886049
three-prime-1400bp	40.4234291799787	9.917465388711395
three-prime-1500bp	40.436102236421725	10.018104366347178
three-prime-1600bp	40.49806926202027	10.101544195953142
three-prime-1700bp	40.61775698016395	10.11863684771033
three-prime-1800bp	40.69975150869719	10.131522896698616
three-prime-1900bp	40.67478530875286	10.061291868576602
three-prime-2000bp	40.70807422963973	10.183493077742279
